<?xml version="1.0"?>
<!DOCTYPE Diamond
[
<!ELEMENT Diamond (location,gem)+>
<!ELEMENT location (#PCDATA)>
<!ELEMENT gem (name,carats,color,clarity,cut,cost,reserved)>
<!ELEMENT name (#PCDATA)>
<!ELEMENT carats (#PCDATA)>
<!ELEMENT color (#PCDATA)>
<!ELEMENT clarity (#PCDATA)>
<!ELEMENT cut (#PCDATA)>
<!ELEMENT cost (#PCDATA)>
<!ELEMENT reserved EMPTY>
]>

<Diamond>
	<location>Pune</location>
	<gem>
		<name>Blue diamond</name>
		<carats>24</carats>
		<color>silver</color>
		<clarity>56</clarity>
		<cut>12</cut>
		<cost>12000</cost>
		<reserved>jj</reserved>
	</gem>
</Diamond>
