<?xml version="1.0" ?>
<!DOCTYPE Emp
[
<!ELEMENT Emp (ename,Children+,Skills+)>
<!ELEMENT ename (#PCDATA)>
<!ELEMENT Children (name,Birthday)>
<!ELEMENT name (#PCDATA)>
<!ELEMENT Birthday (day,month,year)>
<!ELEMENT day (#PCDATA)>
<!ELEMENT month (#PCDATA)>
<!ELEMENT year (#PCDATA)>
<!ELEMENT Skills (type,Exams+)>
<!ELEMENT type (#PCDATA)>
<!ELEMENT Exams (year,city)>
<!ELEMENT year (#PCDATA)>
<!ELEMENT city (#PCDATA)>
]>

<Emp>
	<ename>Minnu</ename>
	<Children>
		<name>Liya</name>
		<Birthday>
			<day>1</day>
			<month>3</month>
			<year>1994</year>
		</Birthday>
	</Children>
	<Children>
		<name>Miya</name>
		<Birthday>
			<day>19</day>
			<month>3</month>
			<year>1990</year>
		</Birthday>
	</Children>
	<Skills>
		<type>HR</type>
		<Exams>
			<year>2007</year>
			<city>Pune</city>
		</Exams>
	</Skills>
	<Skills>
		<type>Marketing</type>
		<Exams>
			<year>2010</year>
			<city>Kochi</city>
		</Exams>
	</Skills>
</Emp>