<?xml version="1.0"?>
<!DOCTYPE phraseBook
[
<!ELEMENT phraseBook (Section)>
<!ELEMENT Section (sectionTitle,phraseGroup+)>
<!ELEMENT sectionTitle (#PCDATA)>
<!ELEMENT phraseGroup (engPhrase,translitPhrase,targLangPhrase)>
<!ELEMENT engPhrase (gloss)*>
<!ELEMENT gloss (#PCDATA)>
<!ELEMENT translitPhrase (gloss)*>
<!ELEMENT gloss (#PCDATA)>
<!ELEMENT targLangPhrase (#PCDATA)>
]>

<phraseBook>
	<Section>
		<sectionTitle>English Literature</sectionTitle>
		<phraseGroup>
			<engPhrase>
				<gloss>Halo</gloss>
			</engPhrase>
			<translitPhrase>
				<gloss>haiii</gloss>
				<gloss>Yeyyy</gloss>
			</translitPhrase>
			<targLangPhrase>Its Done!!!</targLangPhrase>
		</phraseGroup>
	</Section>
</phraseBook>

