<?xml version="1.0"?>
<employee
	xmlns="http://www.superduperbigco.com/human_resources"> <!--default namespcae-->
	
	<name>
		<lastname>Kelly</lastname>
		<firstname>Grace</firstname>
	</name>
	<hiredate>October 15,2005</hiredate>
	<comment>Grade 2 can be given</comment>
	<boss:comment 
		xmlns:boss="http://www.superduperbigco.com/big_boss" 
		boss:date="10/15/2006"><!--local namespcae-->
		Needs much supervision
	</boss:comment>
	<projects>
		<project>
			<product>Printer</product>
			<id>111</id>
			<price>$34.3</price>
		</project>
	</projects>
</employee>
