<hr:employee
	xmlns:hr="http://www.superduperbigco.com/human_resources"
	xmlns:boss="http://www.superduperbigco.com/big_boss">
	<hr:name>
		<hr:lastname>Kelly</hr:lastname>
		<hr:firstname>Grace</hr:firstname>
	</hr:name>
	<hr:hiredate>October 15,2005</hr:hiredate>
		<hr:comment>Grade 2 can be given</hr:comment>
	<boss:comment boss:date="10/15/2006">
		Needs much supervision
	</boss:comment>
	<hr:projects>
		<hr:project>
			<hr:product>Printer</hr:product>
			<hr:id>111</hr:id>
			<hr:price>$34.3</hr:price>
		</hr:project>
	</hr:projects>
</hr:employee>
