<?xml version="1.0"?>

<!DOCTYPE BookStore
[
<!ELEMENT BookStore (Book+,author,date,ISBN,publisher)>
<!ELEMENT Book (Title)>
<!ELEMENT Title (#PCDATA)>
<!ELEMENT Author (#PCDATA)>
<!ELEMENT Date (#PCDATA)>
<!ELEMENT ISBN (#PCDATA)>
<!ELEMENT Publisher (#PCDATA)>
]>
<BookStore xmlns:xsi="http://www.w3.org/2001/XMLSchema-instance" xsi:noNamespaceSchemaLocation="book.xsd">
	<Book>
		<Title>C Programming</Title>
	</Book>
	<author>Kerningham</author>
	<date>12-2-1994</date>
	<ISBN>DFDS434</ISBN>
	<publisher>McGrawHills</publisher>
</BookStore>
