<?xml version="1.0"?>
<!DOCTYPE juicers
[
<!ELEMENT juicers (juicer)*>
<!ELEMENT juicer (name, image, description, warranty, weight, cost, retailer)>
<!ELEMENT name (#PCDATA)>
<!ELEMENT image (#PCDATA)>
<!ELEMENT description (#PCDATA)>
<!ELEMENT warranty (#PCDATA)>
<!ELEMENT weight (#PCDATA)>
<!ELEMENT cost (#PCDATA)>
<!ELEMENT retailer (#PCDATA)>
]>

<juicers xmlns:xsi="http://www.w3.org/2001/XMLSchema-instance" xsi:noNamespaceSchemaLocation="Juicer7.xsd">
	<juicer>
		<name>Havells Juicer</name>
		<image>havels.jpg</image>
		<description>Smooth Juicer</description>
		<warranty>3 years</warranty>
		<weight>3.3kg</weight>
		<cost>2000</cost>
		<retailer>Havels</retailer>
	</juicer>
</juicers>