<?xml version="1.0"?>
<?xml-stylesheet type="text/xsl" href="FitnessCenterIf.xsl"?>

<FitnessCenter>
	<Member level="platinum">
		<Name>Sruthi</Name>
		<Phone type="home">020-324324</Phone>
		<Phone type="work">020-142444</Phone>
		<FavoriteColor>cyan</FavoriteColor>
	</Member>
	<Member level="cyanq">
		<Name>Jay</Name>
		<Phone type="home">020-354354</Phone>
		<Phone type="work">020-5435</Phone>
		<FavoriteColor>green</FavoriteColor>
	</Member>
	<Member level="cyanq">
		<Name>Michu</Name>
		<Phone type="home">020-3879354</Phone>
		<Phone type="work">020-90125</Phone>
		<FavoriteColor>blue</FavoriteColor>
	</Member>
</FitnessCenter>
