<?xml version="1.0" encoding="utf-8"?>
<company name ="Applied Physics Laboratory" shortName ="JHU/APL" mission ="Enhancing national security">
<head name="Richard Roca" phone="410-778-1234"/>
<department name ="Air and Missile Defense" mission="Enhance the perational">
<group name="A1E"  numStaff ="20"/>
<group name="A1F" numStaff="15"/>
<group name="A1G" numStaff="25"/>
</department>
<department name ="Research and Technology" mission="Assure that">
<group name="RSI" numStaff ="15"/>
<group name="RSS" numStaff="10"/>
</department>
</company>
