<?xml version="1.0" encoding="UTF-8"?>

<!-- New document created with EditiX at Mon Dec 07 09:00:19 IST 2015 -->
<!DOCTYPE addressbook
[

<!ELEMENT addressbook (person+)>
<!ELEMENT  person (name,email*,link)>
<!ELEMENT person id ID #REQUIRED gender (male|female) #IMPLIED>
<!ELEMENT name (#PCDATA)>
<!ELEMENT email (#PCDATA)>
<!ELEMENT link (#PCDATA)>
]>




<addressbook>
<person id="1" gender="female"></person>
<name>Binla</name>
<email>
</email>
<link manager="1" subordinate="2">
</link>
</addressbook>
