<?xml version="1.0" encoding="UTF-8"?>

<!-- New document created with EditiX at Wed Dec 09 08:49:12 IST 2015 -->

<!DOCTYPE addressBooks
 [
 <!ELEMENT addressBooks (person)+>
<!ELEMENT person (name,email*,link)>
<!ATTLIST person id ID #REQUIRED gender (male|female) #IMPLIED>
<!ELEMENT name (#PCDATA|family|given)*>
<!ELEMENT family (#PCDATA)>
<!ELEMENT given (#PCDATA)>
<!ELEMENT email (#PCDATA)>
<!ELEMENT link EMPTY>
<!ATTLIST link manager IDREF #IMPLIED subordinates IDREFS #IMPLIED>
 ]>
<addressBooks>
<person id="sachin" gender="male">
<name>
<family>Tendulkar</family>
</name>
<email>fgdf</email>
<link manager="Bradman"/>
</person>
<person id="Bradman" gender="male">
<name>
<family>Bradman</family>
<given>Martha</given>
</name>
<email>bradmandfdf</email>
<link subordinates="sachin"/>
</person>
</addressBooks>
