<?xml version="1.0" encoding="UTF-8"?>
<BOOK>
	<book category="history" publisher="a">
		<title language="english">stories</title>
		<author>binla</author>
		<year>2010</year>
		<price>4000</price>
	</book>

	<book category="story" publisher="b">
		<title language="marathi">friend</title>
		<author>bella</author>
		<year>2011</year>
		<price>5000</price>
	</book>

	<book category="short stories" publisher="c">
		<title language="english">read</title>
		<author>nissy</author>
		<year>2012</year>
		<price>6000</price>
	</book>
</BOOK>
