<?xml version="1.0" encoding="UTF-8"?>
<company>
	<name>wipro</name>
	<location>pune</location>
	<departments>
		 <department>
			 <dname>it</dname>
			 <manager>
				 <mname>pillai</mname>
				 <doj>march</doj>
				 <salary>5678</salary>
			 </manager>
		 </department>
		 <department>
			 <dname>marketing</dname>
			 <manager>
				 <mname>varghese</mname>
				 <doj>march</doj>
				 <salary>567800</salary>
			 </manager>
		 </department>
	</departments>

	<name>tcs</name>
	<location>pune</location>
	<departments>
		 <department>
			 <dname>it</dname>
			 <manager>
				 <mname>pillai</mname>
				 <doj>march</doj>
				 <salary>5678</salary>
			 </manager>
		 </department>
		 <department>
			 <dname>marketing</dname>
			 <manager>
				 <mname>varghese</mname>
				 <doj>march</doj>
				 <salary>567800</salary>
			 </manager>
		 </department>
	</departments>
</company>
