<?xml version="1.0"?>
<!DOCTYPE Addressbook
[
<!ELEMENT Addressbook (Person+)>
<!ELEMENT Person (name,email*,link)>
<!ELEMENT name (#PCDATA|family|given)*>
<!ELEMENT email (#PCDATA)>
<!ELEMENT link EMPTY >
<!ATTLIST Person id ID #REQUIRED gender (male|female) "female">
<!ATTLIST link manager IDREF #IMPLIED subordinates IDREFS #IMPLIED>
]>

<Addressbook>
	<Person id="1" gender="male">
		<name>Michu</name>
		<email>michu@gmail.com</email>
		<email>jfsdgf12@gmail.com</email>
		<link manager="mihael" subordinates="liya miya"></link>
		
		
	</Person>
	<Person id="2" gender="female">
		<name>Sruthi</name>
		<family>fgdhgdhgdsdj</family>
		<email>sruhtiff@gmail.com</email>
		<email>435345@gmail.com</email>
		<link manager="Siddi" subordinates="ciyta cfdsf"></link>
		
		
	</Person>
	<Person id="Siddi" gender="male">
		<name>Michu</name>
		<email>michu@gmail.com</email>
		<email>jfsdgf12@gmail.com</email>
		<link manager="mihael" subordinates="liya miya"></link>
		
		
	</Person>
</Addressbook>



