<?xml version="1.0" encoding="UTF-8"?>

<!-- New document created with EditiX at Fri Dec 11 09:05:38 IST 2015 -->

<!DOCTYPE document SYSTEM "param_entity.dtd">
<document>
<employee supervisor="100">
<name>
<firstname>Aisha</firstname>
<lastname>Nair</lastname>
</name>
<hiredate>21/09/94</hiredate>

<projects>
<project>
<product>Soap</product>
<id>1</id>
<price>500</price>
</project>

<project>
<product>Shampoo</product>
<id>2</id>
<price>600</price>
</project>
</projects>

</employee>
</document>
