<?xml version="1.0"?>
<!DOCTYPE Mountains
[
<!ELEMENT Mountains (Mountain)+>
<!ELEMENT Mountain (Collection)*>
<!ELEMENT Collection (Name)*>
<!ATTLIST Mountain country NMTOKENS #REQUIRED>
<!ELEMENT Collection (#PCDATA)>
<!ELEMENT Name (#PCDATA)>
]>
<Mountains>
<Mountain country="Ïndia ">
<Collection>
<Name>Himalayas</Name>
</Collection>
<Collection>
<Name>Everest</Name>
</Collection>
</Mountain>

<Mountain country=" Australia ">
<Collection>
<Name>Lis</Name>
</Collection>
<Collection>
<Name>Efdsf</Name>
</Collection>
</Mountain>

</Mountains>



