<?xml version="1.0" encoding="UTF-8"?>

<!-- New document created with EditiX at Fri Dec 11 08:36:29 IST 2015 -->
<!-- -->
<!DOCTYPE document SYSTEM "a.dtd">
<document>
<employee supervisor="no">
<name>
<lastname>Varghese</lastname>
<firstname>Binla</firstname>
</name>
<hiredate>october 15,2005</hiredate>
<projects>
<project>
<product>Printer</product>
<id>111</id>
<price>$111.00</price>
</project>
<project>
<product>Laptop</product>
<id>222</id>
<price>$222.00</price>
</project>
</projects>
</employee>

</document>
