<?xml version="1.0" encoding="UTF-8"?>
<?xml-stylesheet type="text/xsl" href="employee4.xsl"?>
<Staffs>
	<EMPLOYEE>
		<ID>A301</ID>
		<NAME>ALI MAJID</NAME>
		<GENDER>MALE</GENDER>
		<SALARY> 2110</SALARY>
	</EMPLOYEE>
	<EMPLOYEE>
		<ID>A302</ID>
		<NAME>FAIZAH BAKRI</NAME>
		<GENDER>FEMALE</GENDER>
		<SALARY> 3060</SALARY>
	</EMPLOYEE>
	<EMPLOYEE>
		<ID>A303</ID>
		<NAME>GHADDAFI KAMAL</NAME>
		<GENDER>MALE</GENDER>
		<SALARY> 1725</SALARY>
	</EMPLOYEE>
	<EMPLOYEE>
		<ID>A304</ID>
		<NAME>AHMAD ROMIZI</NAME>
		<GENDER>MALE</GENDER>
		<SALARY> 2174</SALARY>
	</EMPLOYEE>
	<EMPLOYEE>
		<ID>A305</ID>
		<NAME>RICHARD TEH</NAME>
		<GENDER>MALE</GENDER>
		<SALARY> 1930</SALARY>
	</EMPLOYEE>
	<EMPLOYEE>
		<ID>B533</ID>
		<NAME>PREM MOHAN</NAME>
		<GENDER>MALE</GENDER>
		<SALARY> 2215</SALARY>
	</EMPLOYEE>
	<EMPLOYEE>
		<ID>B534</ID>
		<NAME>NORFAEZAH KASMURI</NAME>
		<GENDER>FEMALE</GENDER>
		<SALARY> 1990</SALARY>
	</EMPLOYEE>
	<EMPLOYEE>
		<ID>B535</ID>
		<NAME>AIDA AYOB</NAME>
		<GENDER>FEMALE</GENDER>
		<SALARY> 2150</SALARY>
	</EMPLOYEE>
	<EMPLOYEE>
		<ID>B536</ID>
		<NAME>MUZZAN SHAZMIN</NAME>
		<GENDER>FEMALE</GENDER>
		<SALARY> 1860</SALARY>
	</EMPLOYEE>
		<EMPLOYEE>
		<ID>B537</ID>
		<NAME>FIKRI ABDULLAH</NAME>
		<GENDER>MALE</GENDER>
		<SALARY> 1810</SALARY>
	</EMPLOYEE>
</Staffs>